{"train/grad_norm":4.327903648614884,"_step":100000,"train/dataloading_s":0.0028543272893875836,"_wandb":{"runtime":8430},"train/epochs":29.5497358992354,"train/l1_loss":0.03722644969820976,"_runtime":8430.091734329,"train/episodes":1447.9370590625347,"train/update_s":0.07997504779137671,"train/loss":0.0457049738522619,"train/lr":1.0000000000000021e-05,"train/samples":800000,"train/steps":100000,"train/kld_loss":7.69980251789093e-05,"_timestamp":1.765088747452419e+09}