{"train/grad_norm":1.083630598783493,"train/steps":3000,"train/episodes":173.75244708750415,"train/update_s":3.028084843796678,"_timestamp":1.765089059107372e+09,"train/lr":2.5814529262737084e-06,"train/samples":96000,"train/epochs":3.545968307908248,"_wandb":{"runtime":9335},"train/dataloading_s":0.01496498383115977,"_runtime":9335.00743669,"_step":3000,"train/loss":0.027736792340874672}